pop,TP113,TP154,TP178,TP188,TP210,TP231,TP243,TP249,TP260,TP297,TP298,TP326,TP331,TP467,TP491,TP493,TP525,TP585,TP635,TP671
ALC,0,0,.,0,0,.,1,0,1,.,.,1,0,.,0,0,1,.,.,.
ALC,0,0,.,0,0,.,.,0,1,.,.,1,.,0,.,.,.,.,.,0
ALC,0,0,.,0,1,.,.,0,1,1,1,1,.,0,.,.,.,.,.,0
ALC,0,0,.,1,1,.,1,1,0,1,1,1,0,1,.,0,0,0,0,0
ALC,1,0,.,0,0,.,1,0,0,.,.,1,0,.,.,1,.,.,1,0
ALC,0,0,1,.,1,.,1,1,1,.,1,1,.,.,0,.,0,.,.,1
ALC,1,0,.,0,1,.,1,0,1,1,1,1,0,0,0,1,1,0,0,0
ALC,0,1,.,0,1,.,1,1,0,.,.,1,0,0,0,0,0,.,0,0
ALC,0,0,.,0,0,.,1,1,0,.,.,1,.,0,0,0,0,.,.,0
ALC,0,1,.,0,0,.,1,1,0,.,.,1,0,0,0,0,0,.,.,0
ALC,0,0,.,0,0,.,.,1,0,.,.,1,.,.,0,0,.,.,.,0
ALC,0,.,.,0,1,.,.,0,0,.,1,1,.,.,.,.,.,.,.,.
ANY,1,0,.,1,1,.,0,1,1,1,1,1,0,.,0,1,.,.,0,0
ANY,0,0,.,0,1,0,.,1,1,.,0,1,0,.,.,0,.,.,0,0
ANY,0,0,1,1,1,1,1,1,1,1,1,1,1,1,0,1,1,.,1,0
ANY,0,0,.,1,1,0,0,1,0,1,1,1,0,1,0,0,1,0,.,0
ANY,1,1,.,1,1,.,1,1,0,1,1,1,0,.,0,0,1,.,.,0
ANY,1,0,.,0,1,0,1,0,0,1,1,1,0,1,0,0,1,.,0,1
ANY,0,.,.,1,1,.,0,1,0,.,1,1,0,.,.,1,0,0,0,.
ANY,0,.,1,1,0,.,0,0,0,0,.,1,0,.,0,0,1,.,.,0
ANY,0,0,.,.,0,.,.,1,0,.,.,1,.,.,.,.,.,.,.,.
ANY,0,0,.,1,1,.,1,1,1,1,1,1,.,.,0,0,0,0,.,0
ANY,0,0,.,0,.,.,.,.,0,.,.,1,.,0,0,.,1,.,.,0
ANY,0,1,0,0,1,.,0,0,0,.,1,1,.,.,.,0,.,.,0,0
ANY,0,0,.,1,0,.,1,1,1,.,1,1,.,0,0,0,0,.,.,0
ANY,1,.,.,1,1,0,0,0,0,.,0,1,.,0,.,0,1,.,.,0
ANY,0,0,0,1,1,0,0,1,0,1,1,1,0,.,0,0,.,0,.,.
ANY,0,0,.,1,1,.,1,0,0,.,1,1,0,0,1,0,1,.,0,0
ANY,0,0,.,0,1,.,1,1,0,1,.,1,0,1,.,0,0,.,.,1
ANY,0,0,.,.,0,.,.,0,.,.,.,1,.,.,.,.,.,.,.,.
ANY,0,.,.,.,.,.,.,.,.,.,.,.,.,.,.,.,.,.,.,.
ANY,0,.,0,1,1,.,1,1,1,.,0,1,0,0,1,0,1,0,0,0
ANY,0,0,.,0,1,.,0,1,0,.,0,1,0,1,1,0,1,0,.,0
ANY,0,0,.,.,1,.,.,0,0,.,0,1,.,.,.,0,.,.,.,0
ANY,0,0,.,1,1,.,1,0,0,.,1,1,0,1,0,0,1,.,.,0
ANY,0,.,.,0,1,.,0,0,0,.,.,1,.,0,0,0,.,.,0,0
ANY,0,.,.,1,1,.,0,1,1,1,1,1,0,.,1,0,1,0,.,.
ANY,0,.,0,0,0,0,0,1,0,.,.,1,0,.,.,.,.,.,0,0
ANY,0,0,0,0,1,.,0,1,0,1,.,1,.,1,1,.,1,.,.,0
ANY,0,.,.,1,1,.,1,0,0,.,1,1,0,.,0,0,1,.,.,0
ANY,1,.,.,0,1,.,1,0,1,1,1,1,.,.,0,0,.,.,.,0
ANY,0,0,.,.,1,.,.,.,.,.,.,1,.,0,.,.,.,.,.,0
ANY,0,0,.,.,1,.,.,1,0,.,1,1,.,.,.,.,.,.,.,.
ANY,0,0,.,1,1,.,1,1,0,.,1,1,.,0,0,0,0,.,0,0
ANY,0,.,.,.,1,.,.,1,0,.,0,1,.,.,.,0,.,.,.,.
ANY,0,1,0,1,1,.,0,1,1,1,1,1,0,1,0,1,0,.,0,0
ANY,0,0,1,.,1,.,1,1,1,1,1,1,.,.,.,.,1,1,.,0
ANY,0,.,.,1,1,0,0,1,0,.,1,1,0,.,0,0,0,.,.,.
ANY,1,0,.,.,1,.,.,1,1,.,1,1,.,1,0,.,.,.,.,1
ANY,0,.,.,1,1,.,0,1,0,.,1,1,.,0,0,0,1,0,.,0
ANY,0,.,0,1,1,0,0,0,0,.,.,1,.,.,.,0,1,0,.,0
ANY,.,.,.,.,1,.,.,.,0,.,0,0,.,.,.,.,.,.,.,.
ANY,0,0,.,0,1,.,0,0,0,.,1,1,.,.,0,0,0,.,.,0
ANY,0,0,.,.,.,.,.,.,0,.,.,0,.,.,.,.,.,.,.,.
ANY,0,0,.,1,0,.,.,0,1,.,1,1,0,.,.,0,1,.,.,0
ANY,0,0,1,1,1,.,0,0,1,.,1,1,.,1,.,.,1,.,.,0
ANY,0,0,0,0,1,0,1,1,0,.,1,1,0,.,.,0,.,.,0,0
ANY,0,1,.,0,1,0,.,1,0,.,.,1,0,.,.,.,.,.,.,0
ANY,0,0,.,0,1,.,1,0,0,.,1,1,0,0,0,0,1,.,.,0
ANY,0,.,0,0,0,0,1,0,0,.,1,1,0,1,0,0,0,0,0,0
ANY,0,1,0,1,1,.,1,0,0,1,1,1,0,.,0,0,1,0,0,0
ANY,.,.,.,.,0,.,.,.,.,.,1,0,.,1,.,.,.,.,.,.
ANY,0,0,.,1,1,.,0,1,0,.,1,1,.,.,0,0,1,.,.,0
ANY,0,.,.,0,0,.,0,0,0,.,0,1,.,.,.,1,.,.,.,0
BAN,.,.,.,.,.,.,.,.,.,.,.,.,.,.,.,.,.,.,.,.
BAN,0,.,.,0,1,0,0,0,0,.,1,1,0,.,0,0,1,.,0,0
BAN,0,.,.,1,1,.,1,0,0,0,1,1,.,.,0,0,1,0,.,0
BAN,0,0,.,1,.,.,.,1,0,.,0,1,.,1,.,.,.,.,.,0
BAN,0,0,.,0,1,.,1,0,0,.,0,1,0,.,.,.,.,0,0,.
BAN,.,.,.,.,1,.,.,.,.,.,1,.,.,0,.,.,.,.,.,0
BAN,0,0,.,1,0,0,1,0,0,.,1,1,0,0,.,0,1,0,1,0
BAN,0,1,.,0,1,.,0,1,0,.,1,1,.,0,0,0,1,0,1,0
BAV,0,0,.,0,1,.,1,1,1,.,0,1,0,0,.,0,.,.,0,0
BAV,0,1,1,1,1,.,1,1,1,1,1,1,0,0,1,0,1,.,0,0
BAV,0,.,.,0,1,0,1,0,1,1,1,1,0,1,0,.,.,.,0,0
BAV,1,.,.,1,1,0,1,0,1,.,.,1,0,.,.,1,0,1,.,0
BAV,0,0,.,.,1,.,.,1,.,.,1,0,.,.,.,.,.,.,.,0
BAV,0,0,.,0,1,0,1,0,0,.,1,1,0,.,0,0,0,0,0,0
BAV,0,1,.,0,1,0,1,0,0,.,1,1,0,0,0,0,1,.,0,0
BAV,0,.,.,0,1,.,1,0,0,.,0,1,1,.,.,0,1,.,0,0
BAV,0,0,.,.,0,.,1,0,0,.,0,1,.,.,.,0,.,.,.,0
BAV,0,0,.,0,1,0,1,1,0,.,.,1,0,0,0,0,0,0,.,0
BAV,0,.,.,0,0,0,1,0,0,.,.,1,0,0,0,0,0,.,0,0
BAV,0,.,.,0,1,.,1,0,0,.,1,1,0,0,0,0,0,.,0,0
BAV,0,0,.,.,.,0,.,0,.,.,.,1,0,.,.,.,.,.,.,0
BAV,0,1,0,1,1,0,1,0,0,1,1,1,0,0,.,.,0,0,0,0
BAV,0,0,.,0,.,0,1,0,.,.,.,1,0,0,.,.,0,.,0,0
BAV,0,0,.,.,1,.,.,.,.,.,0,0,.,.,.,.,.,.,.,.
BAV,0,0,.,1,1,0,1,0,0,.,0,1,1,0,.,0,0,.,.,0
BAV,0,1,.,1,.,.,1,0,.,.,.,1,0,0,0,0,0,.,.,0
BAV,0,0,.,0,0,0,.,0,0,.,1,1,1,.,.,.,.,.,0,0
BAV,0,0,.,.,1,.,.,1,1,.,1,1,0,.,.,.,.,.,0,0
BAV,1,0,.,0,1,0,1,1,0,1,1,1,0,0,.,0,0,0,0,0
BAV,0,0,.,0,1,.,1,1,.,.,0,1,0,.,.,.,.,.,.,0
BAV,0,0,0,0,1,0,.,0,1,.,0,1,0,.,0,0,.,0,0,.
BAV,.,.,.,.,.,.,.,.,.,.,.,.,.,.,.,.,.,.,.,.
BAV,0,.,.,0,.,0,.,1,0,.,.,1,.,.,.,0,.,.,.,0
BAV,0,.,.,1,1,0,.,0,0,.,0,1,0,.,.,.,.,.,0,0
BAV,0,.,.,0,1,0,0,0,0,.,.,1,0,.,0,0,0,0,0,0
BAV,0,.,.,0,0,0,1,0,0,.,1,1,0,0,.,0,1,.,.,0
BAV,0,.,.,0,0,0,.,0,.,.,.,1,0,0,.,0,.,0,0,0
BAV,0,0,.,.,1,.,.,0,0,.,1,0,.,0,.,.,.,.,.,0
BAV,1,.,.,0,.,.,0,1,.,.,.,1,.,0,0,.,.,.,.,0
BAV,0,0,.,.,1,.,.,0,.,.,0,0,.,.,.,.,.,.,.,0
BAV,0,0,.,0,1,.,1,0,0,.,0,1,.,.,.,0,.,.,.,0
BAV,0,.,.,0,1,0,1,1,0,.,1,1,0,.,.,1,.,.,.,0
BAV,0,1,.,0,.,0,0,0,1,.,.,1,0,0,0,0,0,.,.,0
BAV,.,0,.,.,.,.,.,.,.,.,.,0,.,.,.,.,.,.,.,.
BRD,1,1,.,1,1,1,1,1,1,0,1,1,1,0,.,0,1,0,1,0
BRD,1,.,.,1,1,1,1,0,0,.,1,1,0,1,1,0,0,.,.,1
BRD,1,0,.,1,0,.,0,1,1,1,1,1,0,1,.,1,0,.,0,0
BRD,0,.,.,1,1,0,0,0,1,.,0,1,0,1,0,0,0,1,.,0
BRD,0,0,.,1,1,.,0,1,1,1,1,1,0,1,.,0,1,.,.,0
BRD,1,0,.,1,0,.,0,0,1,.,1,1,0,1,0,0,1,1,0,1
BRD,0,0,.,.,1,0,.,0,1,.,.,1,0,.,.,.,.,.,.,0
BRD,1,0,.,1,1,.,0,1,1,.,0,1,.,0,0,0,1,0,.,0
BRD,0,0,.,0,1,.,0,1,1,0,0,1,.,.,0,.,0,.,0,0
BRD,0,0,.,.,1,.,0,0,0,.,.,1,.,.,.,0,.,.,.,0
BRD,.,.,.,.,1,.,.,.,.,.,1,.,.,.,.,.,.,.,.,.
BRD,0,.,.,1,1,.,.,1,1,.,.,1,.,.,.,.,.,.,0,0
BRD,1,.,.,1,1,.,0,0,0,1,1,1,0,.,.,.,1,.,.,0
BRD,0,0,0,1,1,1,0,0,0,0,0,1,0,1,.,.,1,.,.,0
BRD,0,.,0,0,1,0,1,1,0,.,.,1,1,0,0,0,0,0,0,0
BRD,1,.,.,1,1,.,0,1,1,.,.,1,.,.,.,1,0,.,.,0
BRD,0,.,.,1,1,.,0,1,1,.,.,1,.,.,.,1,0,.,.,.
BRD,0,0,.,1,1,1,1,0,0,.,.,1,0,1,.,0,0,0,0,0
BRD,1,.,1,1,1,.,0,0,0,.,.,1,.,.,0,0,.,0,.,0
BRD,0,0,1,1,0,0,0,0,1,.,.,1,0,.,.,0,1,0,0,0
BRD,1,0,0,1,1,.,0,0,1,.,.,1,.,1,0,0,0,0,0,0
BRD,.,.,.,.,1,.,.,.,.,.,0,0,.,.,.,.,.,.,.,0
BRD,1,0,.,0,1,.,0,1,1,.,1,1,0,1,0,0,1,0,0,0
BRD,1,0,.,.,0,.,.,0,0,.,0,0,.,.,.,.,.,.,.,0
BRD,0,0,1,1,0,0,0,1,0,1,1,1,0,.,.,.,.,.,0,0
BRD,0,0,0,0,1,.,1,1,0,.,1,1,.,0,.,.,.,0,.,0
BRD,0,.,.,1,0,.,1,1,1,.,0,1,0,.,.,0,.,.,.,.
BRD,1,0,0,1,1,0,0,1,1,1,1,1,0,1,0,0,0,0,1,0
BRD,1,0,.,1,0,.,0,0,0,.,1,1,.,.,.,0,0,.,.,0
BRD,0,.,.,0,1,.,.,0,1,.,1,1,.,.,.,.,.,.,.,.
BRD,0,.,0,1,1,.,1,1,1,.,1,1,0,0,.,0,1,0,0,0
BRD,1,.,.,.,1,.,.,.,.,.,1,1,.,0,.,.,.,.,.,0
BRD,0,0,1,.,0,.,1,0,1,0,0,0,.,.,.,.,.,.,.,0
BRD,0,0,1,1,0,1,0,0,0,1,1,1,0,1,0,0,.,.,0,0
BRD,1,.,.,0,1,.,0,1,0,.,.,1,0,.,0,.,.,.,.,0
BRD,1,0,.,1,1,.,1,0,0,0,0,1,.,.,.,0,.,.,.,0
BRD,0,0,.,0,1,.,.,.,1,.,1,1,0,0,.,.,.,.,.,.
BRD,0,.,.,1,1,.,0,1,1,.,.,1,0,1,.,0,0,.,1,0
BRD,0,.,0,1,1,.,0,1,0,.,.,1,.,1,.,.,0,.,0,0
BRD,0,0,.,1,1,.,0,0,0,.,0,1,.,.,.,.,.,.,.,.
BRD,0,0,.,.,1,.,.,1,.,0,1,1,.,.,.,.,.,.,.,0
BRD,1,.,.,1,1,1,0,1,1,1,1,1,0,.,0,.,0,0,0,0
BRD,1,.,1,1,1,0,1,0,1,1,1,1,0,0,.,0,1,.,0,0
BRD,1,1,.,1,1,1,.,1,1,.,.,1,.,.,.,.,.,.,.,0
BRD,1,.,.,1,1,.,0,0,1,.,0,1,.,.,.,0,1,0,.,.
BRD,.,.,.,.,.,.,.,.,.,.,.,0,.,.,.,.,.,.,.,.
CDB,0,0,.,.,1,0,.,1,0,.,1,1,1,.,.,.,.,.,.,0
CDB,.,0,.,.,1,.,.,.,.,.,.,1,.,.,.,.,.,.,.,.
CDB,0,0,1,1,1,0,1,1,1,.,.,1,.,1,0,0,.,.,.,1
CDB,0,0,.,0,0,.,1,1,.,.,.,1,.,.,.,.,.,.,.,0
CDB,0,0,1,0,1,.,1,1,1,.,1,1,1,1,0,0,1,.,1,0
CDB,0,0,.,1,1,.,1,1,1,.,.,1,1,1,0,1,1,.,0,0
CDB,1,0,.,.,1,.,.,1,1,.,0,1,.,1,.,1,.,.,.,0
CDB,0,0,.,0,1,.,1,1,0,.,1,1,0,.,.,1,.,.,.,0
CDB,0,.,.,0,0,.,0,0,0,.,0,1,.,0,.,1,.,0,.,0
CDB,0,0,.,.,0,.,0,1,0,.,1,1,0,.,.,0,0,.,.,0
CDB,0,0,.,.,0,.,.,1,0,.,0,1,0,.,.,.,.,.,.,.
CDB,0,0,.,0,1,.,.,1,0,.,0,1,0,.,.,0,.,.,.,.
CDB,1,0,1,1,1,0,1,1,1,.,1,1,1,1,.,0,1,0,0,0
CDB,0,0,.,0,1,0,1,1,0,1,1,1,0,0,.,.,.,.,1,0
CDB,0,0,.,.,1,.,.,.,0,.,1,0,.,1,.,.,.,.,.,0
CDB,.,.,.,.,.,.,.,1,.,.,.,.,.,.,.,.,.,.,.,.
CDB,.,.,1,.,1,.,.,.,.,.,.,.,.,.,.,.,.,.,.,.
CDB,0,0,.,0,0,.,0,1,0,.,.,1,.,0,.,1,1,.,.,0
CDB,0,0,.,0,1,.,1,1,0,.,1,1,0,.,.,.,.,.,.,.
CDB,0,0,.,.,1,.,.,1,0,.,.,1,.,.,.,.,.,.,.,0
CDB,1,1,.,0,1,.,1,1,1,.,.,1,0,1,.,.,1,.,.,.
CDB,0,.,.,.,1,0,.,1,1,.,.,1,0,.,.,.,.,.,.,0
CER,1,.,0,1,1,.,1,1,0,0,0,1,0,1,0,0,1,0,.,0
CER,0,0,1,0,1,0,0,1,1,.,1,1,0,1,.,1,1,.,1,1
CER,0,.,.,1,1,.,1,1,1,0,0,1,.,0,0,0,1,0,.,1
CER,0,1,1,1,1,0,1,1,0,.,1,1,1,0,0,0,1,.,1,0
CER,1,.,0,1,1,.,1,1,0,.,0,1,0,0,0,0,1,.,0,1
CER,1,.,.,1,0,.,1,1,0,.,1,1,0,.,.,.,.,.,1,1
CER,0,.,1,.,1,.,1,1,0,.,1,1,.,.,0,0,.,.,.,1
CER,0,.,.,0,1,.,1,1,0,.,1,1,.,1,0,0,1,.,.,0
CER,0,0,1,1,1,.,1,0,0,0,1,0,.,0,0,.,1,.,.,.
CER,0,.,1,0,0,0,0,0,0,.,0,1,0,.,.,.,.,.,0,0
CER,0,.,1,0,0,.,1,1,0,0,0,1,.,.,.,1,1,.,.,0
CER,0,1,.,.,1,.,1,1,1,.,1,1,.,.,.,0,0,.,.,1
CER,0,.,1,1,0,0,1,1,0,.,.,1,0,1,0,1,0,0,0,1
CER,0,.,1,1,0,.,0,1,0,.,0,1,.,.,.,.,.,.,.,.
CER,0,0,1,1,1,.,0,1,0,.,0,1,0,0,0,0,1,.,.,0
CER,0,.,1,1,0,.,0,0,0,.,1,1,0,.,0,1,0,.,0,0
CER,0,1,.,0,0,.,1,0,0,1,1,1,0,1,0,1,0,.,0,0
CER,0,.,.,.,0,.,1,1,0,0,0,0,.,.,.,.,.,.,.,0
CER,0,.,.,1,0,.,1,1,0,0,0,1,.,.,.,0,.,.,.,0
CER,1,.,1,1,0,0,1,1,0,0,0,1,0,.,.,.,1,.,.,.
CER,0,.,.,0,1,0,1,1,0,.,1,1,0,.,0,0,.,0,.,0
CER,0,.,.,0,1,0,.,1,0,.,0,1,.,.,.,0,.,.,.,0
CER,0,0,1,1,1,.,1,1,0,.,1,1,1,1,0,0,1,.,.,0
CER,0,.,1,.,1,.,.,1,0,.,1,1,.,.,.,.,.,.,.,.
CER,1,.,1,1,1,.,.,0,0,.,1,1,0,0,.,.,.,.,.,0
CER,0,.,1,0,0,.,0,1,0,.,1,1,0,0,.,0,1,.,.,0
CER,1,0,1,1,1,.,1,1,0,.,1,1,.,1,0,1,0,1,.,0
CER,0,.,.,1,1,.,1,0,0,.,1,1,0,1,0,0,0,.,0,1
CER,0,.,.,0,1,.,1,1,0,.,1,1,.,.,0,0,.,0,.,.
CER,0,.,.,0,0,.,.,1,0,0,0,1,.,.,.,.,.,.,.,0
CER,0,.,1,.,1,.,.,1,.,.,1,1,.,.,.,.,.,.,.,0
CER,1,0,.,1,1,.,1,1,0,.,0,1,.,0,0,0,1,0,.,0
CER,.,.,1,.,1,.,.,.,.,.,0,0,.,.,.,.,.,.,.,.
CER,0,1,0,1,1,.,1,1,0,0,0,1,.,.,.,0,.,0,.,0
CER,0,.,1,1,0,.,1,1,0,.,1,1,.,0,.,0,1,.,.,0
CER,.,.,1,.,1,.,.,1,.,1,1,.,.,.,.,.,.,.,.,.
CER,0,.,1,0,1,0,1,1,1,1,1,1,.,1,.,0,.,.,.,0
CER,0,1,1,0,1,.,0,1,0,0,0,1,.,.,.,0,1,0,.,.
CER,.,.,1,.,0,.,.,0,.,.,1,0,.,.,.,.,.,.,.,0
CER,0,.,.,1,0,.,1,1,0,0,0,1,0,1,0,0,1,0,0,.
CER,0,0,1,.,0,.,1,1,0,0,0,1,.,.,.,0,1,.,0,0
GAR,1,.,.,0,1,0,0,0,1,.,0,1,0,1,0,1,1,0,0,1
GAR,0,.,1,0,1,0,0,1,1,.,0,1,0,1,0,0,0,0,0,0
GAR,0,.,1,0,0,0,1,1,1,.,1,1,0,0,0,0,1,.,0,0
GAR,1,.,1,1,1,0,0,1,0,.,0,1,0,0,0,1,1,0,1,0
GAR,1,1,.,1,1,1,1,1,1,1,1,1,0,1,1,0,1,1,0,0
GAR,0,.,.,0,0,0,1,0,1,.,0,1,0,.,1,0,.,0,.,0
GAR,0,.,.,0,0,0,0,0,1,.,0,1,0,.,.,.,1,0,.,0
GAR,0,.,.,0,1,0,0,0,1,.,0,1,0,0,0,0,0,0,0,0
GAR,0,.,1,0,0,0,1,0,0,.,1,1,0,0,0,0,0,0,0,0
GAR,0,.,.,.,0,.,.,0,0,.,0,1,.,.,.,.,.,.,.,.
GAR,1,0,.,0,0,.,1,1,0,.,1,1,.,.,.,1,1,.,.,0
GAR,0,.,.,0,1,.,0,0,0,.,0,1,.,.,.,.,.,.,0,.
GAR,0,.,.,0,0,.,1,1,0,.,0,1,0,1,0,1,.,0,0,0
GAR,1,.,1,0,0,0,1,0,1,.,0,1,0,.,0,0,0,0,.,0
GAR,0,.,.,1,0,.,1,0,0,.,0,1,.,.,.,1,1,0,.,0
GAR,0,.,.,0,0,.,1,0,0,.,0,1,.,0,.,.,0,.,.,0
GAR,0,.,.,1,0,.,1,1,1,.,0,1,0,0,0,1,1,0,0,0
GAR,0,.,.,0,1,.,0,0,0,.,0,1,.,0,0,1,.,0,.,0
GAR,1,.,.,1,1,0,1,1,0,0,0,1,0,0,0,1,1,0,0,0
GAR,0,.,.,1,0,1,1,0,1,.,1,1,0,.,0,1,1,.,.,.
GAR,0,.,.,0,0,0,0,0,1,.,0,1,0,0,.,0,1,0,0,0
GAR,0,0,1,0,0,.,0,0,1,.,0,1,.,.,.,.,.,.,.,.
GAR,0,.,1,0,0,1,0,1,1,.,0,1,0,0,0,0,1,0,1,0
GAR,0,.,.,.,0,.,0,0,1,.,0,1,.,.,.,.,.,.,.,0
GAR,0,.,.,0,0,0,0,0,0,.,0,1,0,.,0,0,1,.,0,0
GAR,0,.,.,0,1,.,1,0,1,.,0,1,0,1,1,1,1,.,1,0
GAR,0,.,.,0,0,0,0,0,1,.,0,1,0,1,0,0,1,0,0,0
GAR,0,.,.,.,0,.,.,0,1,.,0,0,.,0,.,.,.,.,.,0
GAR,0,.,1,0,0,.,0,0,0,.,0,1,.,.,0,0,1,0,.,0
GAR,1,.,.,0,0,0,0,1,1,.,0,1,.,.,.,0,.,.,.,0
GAR,0,.,.,0,1,.,.,1,1,.,0,1,.,.,.,.,.,.,.,.
GAR,0,1,1,1,1,0,1,0,0,.,0,1,0,.,0,1,1,1,0,0
GAR,0,.,.,1,0,.,0,0,1,.,0,1,.,.,.,0,1,.,.,0
GAR,0,.,.,.,1,.,.,1,1,.,.,1,.,0,.,.,.,.,.,0
GAR,0,.,.,0,.,.,.,0,.,.,.,1,.,0,0,0,.,.,.,0
GAR,0,.,.,0,.,.,.,.,0,.,.,1,.,.,.,.,.,.,.,.
GAR,0,.,1,0,1,0,0,1,1,.,0,1,0,0,0,1,0,0,.,0
GAR,0,.,1,0,0,0,.,0,1,.,1,1,0,1,.,.,1,0,0,0
GAR,0,.,.,1,1,0,0,1,1,.,0,1,0,1,1,0,1,0,0,0
GAR,0,.,.,1,1,.,0,1,1,.,0,1,0,1,1,0,1,.,.,0
GAR,1,.,.,0,1,.,0,1,1,1,1,1,0,1,1,0,1,0,0,0
GAR,1,0,1,1,1,.,1,1,1,.,1,1,.,0,0,.,1,0,.,0
GAR,.,.,.,.,.,.,.,.,.,.,.,.,.,.,.,.,.,.,.,.
GAR,0,1,.,0,0,.,1,1,0,.,0,1,0,.,.,0,.,.,.,.
GAR,0,.,.,0,0,0,0,0,1,.,0,1,0,1,0,0,0,0,0,0
GAR,.,.,.,.,.,.,.,.,.,.,.,0,.,.,.,.,.,.,.,.
GAR,0,.,1,0,0,0,0,0,1,.,0,1,0,0,0,1,0,0,0,0
GAR,0,.,1,0,0,.,0,0,1,.,0,1,.,.,0,1,1,.,.,0
GAR,0,.,.,1,1,0,0,0,1,.,0,1,0,0,0,1,0,.,0,0
GAR,0,.,.,0,1,.,0,0,1,.,.,1,.,.,.,.,0,.,.,0
GAR,0,.,1,0,0,1,1,0,0,.,0,1,0,0,0,0,.,0,0,0
GAR,0,.,.,.,0,.,.,1,1,.,0,1,.,.,.,.,.,.,.,.
GAR,0,.,.,0,0,.,1,0,0,.,.,1,.,.,0,.,0,.,.,0
GAR,0,.,.,0,0,.,0,0,1,.,0,1,.,.,0,1,.,.,.,0
GAR,0,.,1,1,0,.,0,0,1,.,0,1,.,.,0,0,1,0,.,0
GAR,0,.,.,0,0,0,0,0,0,.,0,1,0,0,0,1,1,0,0,0
GAR,0,.,1,0,0,.,0,1,1,.,0,1,.,0,.,.,1,.,.,0
GAR,0,.,.,0,0,0,.,0,1,.,.,1,.,.,.,1,.,.,.,0
GAR,0,.,.,.,0,.,1,0,1,.,0,1,0,.,.,.,.,.,.,0
GAR,0,.,1,0,1,.,1,0,1,.,0,1,.,.,.,0,1,0,.,0
GAR,0,.,.,1,1,.,0,0,1,.,0,1,.,0,0,0,1,0,.,0
GAR,0,.,.,0,0,.,0,0,0,.,0,1,0,.,.,0,.,0,.,0
GAR,0,.,.,.,.,.,.,0,1,.,.,0,.,.,.,.,.,.,.,.
GAR,0,1,1,0,0,.,0,0,1,.,0,1,.,1,0,1,1,0,.,0
GAR,0,.,.,.,0,.,.,0,0,.,0,1,.,0,.,.,.,.,.,0
GAR,0,.,.,0,1,.,1,0,1,.,0,1,.,0,0,1,0,.,0,0
GAR,1,.,.,0,0,.,1,0,1,.,.,1,.,.,.,.,.,.,.,0
GAR,1,.,.,.,1,.,.,1,1,.,0,1,.,.,.,.,.,.,.,0
GAR,0,.,.,0,0,0,1,1,1,.,0,1,0,.,.,.,1,.,0,0
GAR,1,.,.,0,0,.,0,0,0,.,1,1,0,0,0,0,0,.,1,0
GAR,0,.,.,1,0,.,1,0,1,.,.,1,.,.,.,0,1,.,.,0
GAR,0,.,.,0,0,.,1,0,1,.,0,1,0,1,1,1,1,.,.,0
GAR,0,.,.,1,0,.,0,1,1,.,0,1,.,.,1,0,1,0,.,0
KAR,.,.,.,.,1,.,.,.,1,.,0,0,.,.,.,.,.,.,.,.
KAR,0,.,.,.,1,.,.,.,1,.,.,1,.,.,.,.,.,.,.,0
KAR,0,.,.,1,1,.,1,1,.,.,1,1,.,1,1,1,0,.,.,0
KAR,1,.,1,1,1,0,1,0,1,.,1,1,0,1,0,0,1,.,0,1
KAR,0,.,.,1,1,0,1,1,1,.,1,1,0,.,0,0,0,.,0,0
KAR,0,.,.,0,1,.,1,1,0,.,1,1,1,0,1,0,0,.,0,0
KAR,1,.,0,1,1,0,0,1,1,.,0,1,0,1,0,0,0,.,0,1
KAR,0,.,.,.,1,.,0,0,.,.,.,0,.,.,.,0,.,.,.,0
KAR,.,1,0,.,0,.,.,1,0,.,0,1,.,.,.,.,.,.,.,.
KAR,0,.,0,0,0,.,1,0,0,.,1,1,1,0,0,0,0,0,0,0
KAR,0,.,0,0,0,.,1,0,.,.,.,1,.,.,0,0,.,.,.,0
KAR,0,.,1,0,1,0,1,0,0,1,1,1,0,0,0,0,0,.,0,.
KAR,0,.,.,0,0,0,1,0,.,.,1,1,.,0,0,0,1,.,0,0
KAR,1,.,.,.,.,.,.,.,.,.,.,0,.,.,.,.,.,.,.,.
KAR,.,.,.,.,0,.,.,.,.,.,0,0,.,.,.,.,.,.,.,.
KAR,0,.,.,1,0,.,1,1,0,.,0,1,0,0,0,0,1,.,0,0
KAR,0,.,0,0,0,0,1,1,0,1,1,1,0,0,0,0,0,.,.,0
KAR,0,0,.,0,0,0,1,1,0,.,.,1,0,1,1,0,0,.,1,0
KAR,0,.,0,1,0,0,1,0,0,.,0,1,1,.,0,.,.,.,0,.
KAR,0,.,0,1,1,.,0,0,1,.,1,1,.,.,0,.,.,.,.,.
KAR,0,.,0,.,0,.,.,.,.,.,1,0,.,0,.,.,.,.,.,0
KAR,1,.,.,1,.,.,1,0,0,.,0,1,.,.,.,.,.,.,.,0
KAR,0,.,.,0,0,0,0,0,0,.,.,1,.,1,1,0,.,.,.,0
KAR,0,.,.,0,0,.,1,1,0,.,0,1,0,.,.,.,.,.,0,.
KLM,0,.,.,1,1,.,1,1,0,.,0,1,.,1,.,0,0,0,.,0
KLM,0,.,.,1,1,0,1,1,1,1,1,1,1,1,0,1,.,.,0,0
KLM,0,0,.,0,1,0,1,1,0,.,.,1,0,.,.,0,1,1,0,0
KLM,1,.,.,0,1,0,1,1,0,1,1,1,0,1,0,0,1,.,.,0
KLM,0,.,.,1,1,.,1,1,1,.,1,1,0,1,0,0,.,0,0,0
KLM,0,.,.,0,0,.,0,1,1,.,.,1,.,0,0,0,0,0,.,0
KLM,0,.,.,0,1,.,0,0,0,.,0,1,0,0,.,0,.,.,.,0
KLM,1,.,.,0,0,.,1,1,0,1,1,1,.,1,0,0,1,0,1,0
KLM,0,.,.,1,1,0,.,1,0,.,.,1,.,.,0,0,.,0,.,.
KLM,1,.,1,1,1,.,1,1,0,1,1,1,0,1,.,0,1,1,0,0
KLM,1,.,.,0,1,0,0,1,0,1,1,1,1,0,1,0,0,1,0,0
KLM,1,0,.,0,1,0,1,1,0,.,.,1,0,1,0,0,1,0,0,0
KLM,0,.,.,0,1,.,1,1,1,.,.,1,.,.,0,0,.,.,.,0
KLM,0,.,.,1,1,0,1,1,0,.,1,1,1,1,0,0,1,.,.,0
KLM,1,.,.,1,1,0,1,1,1,.,0,1,0,.,.,0,.,.,.,.
KLM,0,.,.,0,1,.,1,1,0,1,1,1,.,1,0,0,1,1,.,0
KLM,.,.,.,0,1,.,.,1,0,.,.,1,.,.,.,.,.,.,.,.
KLM,.,.,.,.,1,.,.,.,.,.,.,.,.,1,.,.,.,.,.,.
KLM,1,.,1,0,1,.,1,0,0,.,.,1,0,1,0,0,1,1,0,0
KLM,0,0,.,.,0,.,.,1,0,.,1,1,.,.,.,.,.,.,.,.
KLM,1,.,.,0,0,.,0,0,0,.,.,1,.,1,0,0,0,0,.,0
KLM,0,0,.,1,0,0,1,1,0,.,1,1,1,.,0,.,.,.,.,.
KLM,1,0,.,0,0,.,1,1,0,0,1,1,0,1,0,1,1,0,.,0
KLM,1,.,.,1,1,.,1,1,0,1,1,1,.,1,0,.,1,.,.,0
KLM,0,.,.,1,0,0,.,1,0,1,1,1,0,.,0,.,.,.,.,0
KLM,0,.,.,0,1,0,1,1,0,0,1,1,.,.,0,0,1,.,.,0
KLM,0,.,0,1,1,.,1,1,0,1,1,1,1,.,.,.,.,.,0,0
KLM,1,1,.,1,1,.,1,1,1,.,.,1,.,.,.,0,.,0,.,.
KLM,0,.,.,.,0,.,.,1,.,.,.,0,.,.,.,.,.,.,.,.
KLM,0,.,.,1,0,.,0,1,0,0,0,1,.,1,0,0,.,.,1,0
KLM,1,0,.,1,1,.,1,1,0,.,1,1,.,1,0,1,0,0,.,1
KLM,0,0,.,0,1,0,1,1,0,1,1,1,.,1,0,0,1,0,.,0
KLM,0,.,.,.,1,.,.,1,.,.,1,0,.,.,.,.,.,.,.,.
KLM,0,0,.,0,1,.,1,1,0,.,1,1,1,0,0,0,.,0,0,0
KLM,0,1,.,1,0,.,0,1,1,.,.,1,0,1,0,0,1,0,1,0
KLM,0,.,.,0,1,.,.,1,0,1,1,1,.,.,.,.,1,.,.,0
KLM,1,.,1,1,1,.,0,0,0,.,.,1,0,.,0,.,0,.,0,0
KLM,0,0,.,0,1,.,.,0,0,.,.,1,.,.,.,0,.,0,.,0
KLM,1,.,.,1,1,.,1,1,0,1,1,1,.,.,0,0,.,.,.,0
KSW,1,0,0,1,1,0,1,1,1,.,1,1,1,1,.,.,.,0,0,0
KSW,0,1,0,1,1,0,1,0,1,.,1,1,1,1,0,0,0,0,0,1
KSW,1,1,0,1,1,0,1,0,1,.,1,1,1,1,0,0,1,.,0,1
KSW,0,.,.,0,1,.,1,0,1,.,.,1,1,0,0,0,0,0,1,0
KSW,0,0,.,.,1,.,.,.,0,.,1,0,.,.,.,0,.,0,.,1
KSW,0,.,.,0,1,.,.,0,0,.,0,1,0,.,.,.,.,.,0,0
KSW,1,.,0,1,1,.,0,1,1,1,1,1,1,1,0,0,1,0,0,1
KSW,0,0,.,1,1,.,.,1,0,.,0,1,.,.,0,1,.,.,.,1
KSW,0,0,0,1,1,0,1,1,1,.,0,1,.,1,0,0,0,0,0,1
KSW,0,1,.,0,1,0,.,0,0,.,0,0,.,.,.,.,.,.,.,1
KSW,0,0,.,1,1,0,1,0,0,.,0,1,1,1,.,.,.,0,0,1
KSW,0,1,.,1,1,.,1,0,0,.,0,1,0,0,0,0,0,0,0,1
KSW,0,.,.,.,0,.,.,0,0,.,1,1,.,.,.,.,.,.,.,.
KSW,0,0,.,1,1,.,1,1,1,.,0,1,1,.,0,0,1,0,0,1
KSW,0,0,1,1,1,0,.,1,0,.,1,1,1,.,0,0,1,0,.,.
KSW,0,.,.,1,0,.,1,1,0,1,1,1,.,0,1,1,0,0,0,1
KSW,0,0,.,.,1,.,.,.,0,.,1,0,.,.,.,.,.,.,.,.
KSW,0,1,.,1,1,0,1,1,0,.,1,1,1,.,0,0,1,0,0,1
KSW,0,0,.,.,0,.,1,.,1,.,.,.,.,.,.,.,.,.,.,.
KSW,0,0,.,.,1,.,.,.,.,.,.,0,.,.,.,.,.,.,.,.
KSW,0,.,.,1,0,.,1,0,0,.,.,1,.,1,0,1,0,0,0,1
KSW,0,.,.,.,.,.,.,0,.,.,0,0,.,.,.,.,.,.,.,0
KSW,0,.,.,.,1,.,.,1,.,.,1,0,.,.,.,.,.,.,.,0
KSW,0,.,.,.,1,.,.,1,0,.,.,1,.,.,.,.,.,.,.,.
KSW,.,.,.,.,.,.,.,.,.,.,.,.,.,.,.,.,.,.,.,.
KSW,0,0,1,1,1,1,1,1,0,1,1,1,0,1,0,0,1,0,0,1
KSW,0,1,.,0,0,.,1,0,1,.,0,1,.,.,0,.,0,.,0,.
KSW,1,0,.,1,1,0,0,1,0,.,1,1,0,.,.,0,1,.,.,.
KSW,0,.,.,.,1,.,.,0,1,.,0,1,0,.,.,0,.,.,0,1
KSW,0,1,.,1,1,0,1,1,0,.,1,1,.,0,.,0,0,0,.,.
KSW,0,.,.,0,0,.,1,0,0,.,1,1,.,1,.,0,.,.,.,1
KSW,1,.,0,1,1,0,1,1,0,.,1,1,0,.,.,0,0,0,.,0
KSW,0,.,1,1,0,.,1,1,0,.,1,1,0,0,0,0,0,.,.,1
KSW,0,0,0,1,0,0,1,0,0,.,1,1,0,.,.,0,0,.,.,1
KSW,0,0,0,0,1,.,1,0,1,0,0,1,.,0,0,.,1,0,.,0
KSW,0,0,0,1,0,0,1,1,0,.,0,1,0,.,.,.,.,.,1,.
KSW,0,.,.,1,1,0,0,0,1,1,1,1,1,1,0,1,1,0,0,1
KSW,0,0,.,1,1,.,1,0,0,.,1,1,0,.,0,0,1,0,0,1
KSW,.,.,.,.,.,.,.,.,.,.,.,.,.,.,.,.,.,.,.,.
KSW,0,0,0,1,1,.,1,1,0,0,1,1,.,1,.,.,.,.,.,1
KSW,0,0,0,1,1,.,.,0,.,.,0,1,.,1,.,.,.,.,.,1
KSW,0,0,.,.,0,.,.,0,0,.,1,1,.,.,.,.,.,.,.,.
KSW,1,.,.,.,1,0,1,0,0,1,1,1,0,0,.,1,0,.,.,1
KSW,0,.,0,1,1,.,1,1,0,.,0,1,0,1,0,0,0,.,0,1
KSW,0,.,.,1,1,.,1,0,1,.,0,1,.,0,0,1,1,0,.,1
KSW,0,0,0,1,1,0,0,0,1,.,1,1,1,1,0,0,0,.,0,0
KSW,0,.,0,1,1,.,.,0,0,.,0,1,.,.,.,0,.,0,.,1
LOE,.,.,0,.,0,.,.,.,.,.,1,.,.,.,.,.,.,.,.,0
LOE,1,0,.,1,1,.,1,1,1,.,.,1,0,1,.,0,0,.,0,0
LOE,1,.,.,0,1,.,1,1,0,1,1,1,0,.,.,0,0,.,.,0
LOE,0,.,.,1,1,.,1,1,1,.,.,1,0,1,0,0,0,.,0,0
LOE,0,1,.,0,1,.,1,1,1,1,1,1,1,1,0,0,1,.,.,1
LOE,1,.,.,.,1,.,.,0,0,.,.,1,.,.,.,.,.,.,.,.
LOE,0,.,0,0,1,.,1,0,1,1,1,1,0,0,.,0,0,.,.,0
LOE,1,.,.,0,1,.,1,0,0,1,1,1,.,.,.,.,.,.,.,.
LOE,1,.,.,0,1,.,1,0,0,1,1,1,0,1,0,0,0,0,.,0
LOE,0,.,1,.,1,.,1,0,0,.,0,1,.,.,.,.,1,.,.,1
LOE,0,.,.,0,0,0,1,0,0,1,1,1,0,1,.,1,.,.,0,.
LOE,0,1,.,0,1,0,1,0,0,1,1,1,1,1,0,0,0,.,0,0
LOE,0,.,0,0,0,0,1,1,1,1,1,1,0,1,0,1,0,.,1,0
LOE,0,0,.,0,.,.,.,0,1,.,.,1,.,1,.,.,.,.,.,0
LOE,1,1,0,0,1,.,1,0,0,1,1,1,.,.,.,.,.,.,.,.
LOE,0,.,.,.,1,.,.,0,0,1,1,1,.,1,.,.,.,.,.,0
LOE,1,.,.,0,1,.,1,1,0,1,1,1,0,0,0,0,1,0,.,0
LOE,0,0,0,1,1,.,1,1,0,1,1,1,0,1,0,0,1,.,0,0
LOE,0,.,.,1,0,.,1,0,1,.,.,1,0,0,0,1,0,.,.,0
LOE,0,0,.,0,0,1,.,0,1,.,.,1,0,.,.,.,.,.,0,0
LOE,0,.,0,.,1,.,.,.,.,.,1,1,.,.,.,.,.,.,.,.
LOE,1,0,.,.,1,.,.,0,0,1,.,1,.,.,0,1,.,.,.,0
MGU,.,.,.,.,.,.,.,.,.,.,.,.,.,.,.,.,.,.,.,.
MGU,1,1,.,0,1,0,1,1,1,.,1,1,1,1,0,1,0,1,1,0
MGU,0,0,.,0,1,.,1,1,0,.,1,1,0,1,.,0,.,.,0,0
MGU,0,.,1,1,1,0,.,0,1,.,.,1,0,.,.,.,.,.,0,.
MGU,1,0,.,0,1,.,0,1,1,.,0,1,.,.,.,.,.,.,.,0
MGU,0,0,1,1,0,.,1,1,1,.,1,1,0,1,0,0,1,.,0,0
MGU,0,.,.,.,1,.,.,0,0,.,.,1,.,0,0,.,.,.,.,0
MGU,0,1,.,0,1,.,1,1,1,.,0,1,.,0,0,0,0,.,.,0
MGU,0,1,.,1,1,0,0,1,0,.,1,1,.,.,0,0,0,.,.,0
MGU,0,0,0,0,1,0,0,1,1,.,.,1,0,1,0,0,1,.,.,0
MGU,0,0,.,1,0,.,1,1,1,.,1,1,.,.,.,.,.,.,.,0
MGU,0,1,1,.,1,0,1,1,0,.,.,1,0,.,.,1,1,.,.,1
POT,0,0,.,1,0,0,1,1,1,.,1,1,.,1,0,0,0,.,.,1
POT,1,.,.,1,1,1,1,1,0,0,0,1,0,1,0,0,1,1,1,1
POT,.,.,.,.,1,.,.,.,.,.,.,0,.,.,.,.,.,.,.,.
POT,.,.,.,.,1,.,.,.,.,.,.,.,.,.,.,.,.,.,.,.
POT,0,.,.,1,1,0,1,1,0,.,1,1,0,1,0,0,1,0,.,0
POT,0,0,.,0,1,1,1,1,0,1,1,1,0,0,0,0,1,0,.,0
POT,0,.,.,1,1,0,0,1,1,1,1,1,0,0,0,0,0,.,0,0
POT,1,.,.,1,1,0,0,1,0,.,1,1,0,1,.,0,0,.,.,0
POT,1,1,.,0,0,.,0,0,0,1,1,1,0,1,0,0,1,1,0,0
POT,0,1,0,0,1,1,0,1,0,1,1,1,0,0,0,1,0,0,.,0
POT,0,0,.,1,0,1,1,1,1,.,.,1,0,.,.,0,0,.,1,0
POT,0,0,.,1,1,.,.,0,0,.,1,1,0,.,.,0,.,.,.,.
POT,0,0,.,0,1,1,.,1,1,.,0,1,.,.,.,0,.,.,.,0
POT,.,.,.,.,1,.,.,.,.,.,1,0,.,.,.,.,.,.,.,.
POT,0,.,.,1,1,1,0,0,0,.,0,1,.,.,.,1,.,1,.,0
POT,0,.,.,1,1,.,0,1,0,1,1,1,.,.,0,0,1,0,.,0
POT,0,0,.,1,1,0,.,0,0,1,1,1,0,0,0,.,1,.,.,0
POT,1,.,.,1,0,0,1,1,1,.,1,1,.,.,0,0,1,0,.,0
POT,0,.,0,1,0,.,.,0,0,0,0,1,.,.,.,.,.,.,.,0
POT,0,0,.,0,1,.,0,1,0,.,1,1,.,1,0,0,1,1,0,0
POT,0,0,1,0,1,.,1,0,0,0,1,1,.,.,.,.,.,.,.,0
POT,0,.,.,1,1,.,1,0,0,0,1,1,.,1,0,0,1,1,0,0
POT,0,0,.,0,1,.,0,1,0,0,0,1,.,1,0,.,0,.,.,0
POT,1,.,.,0,1,1,.,0,.,.,.,1,0,.,.,.,.,0,.,.
POT,1,.,.,1,1,1,0,0,0,.,.,1,0,0,0,1,1,0,0,0
POT,0,0,0,.,0,.,.,1,0,.,.,1,.,.,.,.,.,.,.,0
POT,0,0,.,0,1,1,1,0,0,.,0,1,0,.,.,.,.,.,.,0
POT,0,.,0,0,1,1,0,1,0,.,0,1,1,0,0,0,0,0,0,0
RIV,0,0,.,1,1,0,1,1,1,1,1,1,0,1,0,0,1,0,0,0
RIV,0,1,.,1,1,.,1,1,0,.,1,1,0,.,0,0,1,0,0,0
RIV,0,.,.,1,1,0,1,1,1,1,1,1,.,0,.,0,1,.,.,1
RIV,.,.,.,.,.,.,.,0,1,.,.,1,.,.,.,.,.,.,.,0
RIV,0,0,.,1,1,0,0,0,1,.,1,1,.,0,.,0,0,.,0,0
RIV,0,1,.,1,1,0,1,1,0,1,1,1,0,0,.,0,0,.,.,0
RIV,0,.,.,1,1,0,1,1,1,1,1,1,0,1,0,.,1,.,.,1
RIV,1,.,.,1,1,0,1,1,1,1,1,1,0,0,.,1,1,.,.,0
RIV,0,.,.,1,1,0,1,1,1,.,.,1,.,0,0,1,0,.,.,0
RIV,1,.,.,1,1,0,0,1,1,.,1,1,.,.,.,0,1,0,.,0
RIV,1,.,0,1,1,0,1,0,1,1,1,1,0,0,0,0,0,.,1,0
RIV,0,.,.,1,1,.,0,0,1,.,.,1,.,.,0,0,0,.,0,0
RIV,0,.,.,1,1,.,1,0,1,1,1,1,0,1,.,0,1,0,.,0
RIV,1,.,.,1,1,0,0,0,1,1,1,1,0,1,0,0,1,.,.,0
RIV,0,0,1,1,1,.,1,1,0,1,1,1,.,.,.,0,0,.,.,0
RIV,0,.,.,.,1,.,.,0,.,.,1,0,.,.,.,.,.,.,.,.
RIV,0,.,.,1,1,.,0,1,0,.,.,1,0,.,.,0,0,0,.,0
RIV,.,.,.,1,.,.,.,.,.,.,.,1,.,1,.,.,.,.,.,0
RIV,0,.,.,1,0,.,1,0,1,.,1,1,.,.,0,0,1,0,.,0
RIV,1,.,.,1,1,0,.,0,1,.,.,1,0,.,0,0,0,.,.,0
RIV,0,.,.,1,1,0,.,0,1,1,1,1,0,.,.,.,.,.,.,0
RIV,0,.,.,.,1,.,.,1,.,0,.,1,.,.,.,.,.,.,.,0
RIV,0,.,.,.,.,.,.,1,1,.,.,1,.,.,.,.,.,.,.,0
RIV,1,.,.,1,0,.,.,0,1,.,1,1,.,1,0,0,1,.,.,0
RIV,1,0,.,1,1,.,1,1,1,.,1,1,0,1,0,0,1,0,.,0
RIV,1,.,.,.,.,.,.,.,.,.,1,0,.,.,.,.,.,.,.,.
RIV,0,.,.,.,1,.,.,0,1,.,1,1,.,.,0,.,.,.,.,0
RIV,0,0,.,1,1,.,1,0,1,1,1,1,.,.,.,.,0,.,.,.
RIV,0,.,.,1,1,.,.,1,1,1,1,1,.,1,.,0,.,.,.,0
RIV,.,.,.,.,.,.,.,.,.,.,.,.,.,.,.,.,.,.,.,.
RIV,0,0,.,.,1,.,.,0,1,.,.,1,0,.,.,.,.,.,.,0
RIV,0,.,.,1,1,.,1,0,1,.,1,1,0,1,0,0,0,0,0,0
RIV,0,0,.,1,1,0,1,1,0,0,1,1,0,0,0,0,0,.,0,0
RIV,0,0,.,1,0,.,1,1,0,0,.,1,.,.,.,0,0,.,.,.
RIV,0,.,.,1,1,.,1,1,0,.,.,1,.,.,.,0,0,.,.,0
RIV,1,.,.,1,1,.,0,1,0,0,1,1,.,.,.,.,.,.,.,.
RND,0,0,1,0,1,0,0,0,1,.,1,1,0,1,0,1,0,0,0,0
RND,1,0,.,0,1,.,0,1,1,.,0,1,.,1,.,0,1,1,.,0
RND,0,.,.,0,0,0,1,1,1,.,0,1,0,.,0,0,0,.,0,0
RND,1,1,.,0,1,1,1,1,1,.,0,1,0,0,.,0,0,1,0,0
RND,0,0,.,1,1,.,1,1,1,.,0,1,0,1,1,0,1,.,0,0
RND,1,1,.,1,1,1,1,1,1,.,1,1,1,1,1,1,1,0,1,0
RND,1,1,1,1,1,.,1,1,1,.,1,1,0,1,.,1,1,0,0,0
RND,1,1,0,1,0,.,0,0,0,.,0,1,.,0,.,0,0,0,.,0
RND,0,0,0,1,1,.,0,1,0,.,.,1,0,0,.,0,0,0,0,0
RND,0,0,0,.,1,.,.,0,0,.,.,0,.,.,.,.,.,.,.,0
RND,1,0,.,0,1,.,0,1,1,1,1,1,.,0,0,0,0,.,0,0
RND,0,0,0,1,1,0,1,1,0,1,1,1,1,0,0,0,1,1,0,1
RND,0,1,.,0,1,.,0,0,0,1,1,1,0,.,.,0,.,0,.,0
RND,0,1,0,0,0,.,1,0,1,.,.,1,.,0,0,1,0,.,0,0
RND,0,.,.,.,1,.,.,0,0,.,0,1,.,.,.,.,0,.,.,.
RND,0,1,.,0,1,.,1,0,0,.,1,1,.,.,0,0,1,0,.,0
RND,0,.,0,.,1,.,1,0,0,.,0,1,0,.,.,.,.,1,.,0
RND,1,1,0,1,1,0,1,0,0,1,1,1,0,0,0,0,0,1,0,1
RND,0,0,.,0,0,.,0,1,0,.,1,1,0,0,0,0,0,0,0,0
RND,.,1,.,.,1,.,1,0,0,.,1,1,.,.,.,.,.,0,.,0
RND,0,1,.,0,1,.,0,0,0,0,0,1,.,0,0,1,0,.,0,0
RND,0,0,0,.,1,.,.,0,0,0,0,1,.,1,.,.,.,.,.,0
RND,0,0,.,1,1,0,1,0,1,1,1,1,0,1,0,1,0,0,0,0
RND,0,.,0,.,1,.,.,.,.,.,.,0,.,0,0,.,.,.,.,0
RND,0,0,.,1,1,.,0,1,0,.,1,1,0,0,0,0,1,1,0,0
RND,0,1,1,1,1,0,.,1,0,.,0,1,0,.,.,.,.,.,.,0
RND,0,1,.,1,1,0,.,0,0,.,.,1,.,.,.,.,.,1,.,.
RND,0,1,.,.,1,.,.,0,0,.,1,0,.,.,.,.,.,.,.,.
RND,0,0,.,1,1,0,0,0,0,0,1,1,.,.,.,0,.,.,1,1
RND,0,0,0,.,1,.,.,0,0,0,0,1,.,.,.,.,.,.,.,0
RND,0,0,.,1,1,.,1,1,0,.,0,1,.,.,0,1,.,.,.,0
RND,.,.,.,.,0,.,.,.,.,.,.,.,.,.,.,.,.,.,.,.
RND,0,0,0,0,1,0,1,0,0,1,1,1,0,.,.,.,.,.,0,.
RND,.,0,.,.,1,.,.,.,.,.,.,1,.,.,.,.,.,.,.,.
RND,0,1,0,1,0,.,1,0,0,.,1,1,.,0,0,.,0,0,.,0
RND,0,.,.,0,1,.,1,0,0,.,0,1,0,1,0,0,1,1,0,0
RND,0,.,.,0,1,.,1,0,0,.,0,1,.,0,0,0,1,1,.,0
RND,0,1,0,1,1,.,1,0,0,0,.,1,0,.,.,0,0,0,1,0
RND,0,0,.,1,1,.,.,0,0,.,1,1,.,.,.,.,.,.,.,.
RND,0,0,1,1,0,.,.,0,0,.,0,1,.,0,.,0,0,.,.,0
RND,0,1,0,1,0,.,.,1,0,.,0,1,0,.,.,.,.,.,.,.
RND,1,0,.,0,.,.,1,0,1,.,.,1,.,1,.,0,0,0,.,0
SWA,0,.,.,1,0,.,0,0,1,.,.,1,1,.,0,0,1,.,1,0
SWA,.,.,.,.,.,.,.,.,.,.,1,1,.,.,.,.,.,.,.,.
SWA,0,0,1,1,1,.,1,0,0,.,1,1,0,0,.,1,0,.,.,0
SWA,0,0,.,0,1,.,1,0,1,.,1,1,1,0,.,1,.,0,.,0
SWA,0,0,.,0,1,.,1,1,1,.,1,1,0,1,0,1,1,0,.,0
SWA,0,.,.,0,1,0,1,1,0,.,1,1,0,.,.,0,1,0,0,.
SWA,0,0,.,1,1,.,1,0,1,1,1,1,1,0,0,1,.,.,0,0
SWA,0,.,.,0,1,0,1,1,0,.,1,1,.,0,.,0,.,.,0,0
SWA,0,0,.,1,1,.,0,0,1,.,1,1,0,1,1,0,1,0,.,0
SWA,0,0,0,1,1,.,1,1,0,1,1,1,0,0,.,.,.,.,0,0
SWA,0,.,.,0,1,.,0,1,0,.,0,1,0,0,1,0,1,.,0,0
SWA,0,1,.,1,1,.,1,1,1,.,1,1,.,.,0,0,0,1,.,0
SWA,0,.,.,1,1,.,1,1,1,.,.,1,0,0,1,0,1,0,0,0
SWA,0,0,0,.,1,.,.,1,0,1,1,1,0,1,1,0,1,.,.,0
SWA,0,.,1,0,1,.,0,0,1,.,1,1,0,1,1,1,.,.,0,0
SWA,0,.,.,1,1,.,1,0,1,.,1,1,.,1,.,0,.,.,.,0
SWA,0,.,.,1,1,.,.,0,1,.,0,1,1,.,.,.,.,.,0,0
SWA,0,0,.,1,1,.,1,0,0,.,1,1,.,.,0,0,0,.,.,0
SWA,1,.,.,1,1,.,1,0,1,.,0,1,.,.,.,1,1,0,.,0
SWA,0,1,.,1,1,.,1,0,1,0,0,1,0,.,.,1,1,0,0,0
SWA,0,.,.,.,1,.,1,1,0,.,0,1,.,.,.,.,.,.,.,0
SWA,0,0,.,0,1,0,1,0,0,0,0,1,.,0,0,0,1,0,0,0
SWA,0,.,1,0,1,.,1,0,0,.,0,1,.,.,.,.,1,.,.,1
SWA,0,.,1,1,0,.,1,0,0,.,1,1,.,.,.,.,0,.,.,.
SWA,0,.,0,1,1,.,1,0,0,.,.,1,.,.,0,.,.,.,0,.
SWA,0,.,.,.,1,.,.,0,0,.,0,1,.,.,.,0,.,.,.,0
SWA,0,.,.,.,1,.,1,0,0,.,0,1,.,.,.,.,.,.,0,.
SWA,0,0,.,0,1,.,1,1,0,.,1,1,.,.,1,0,0,.,0,0
SWA,0,.,.,1,1,.,1,1,1,0,1,1,.,.,0,0,1,.,.,0
SWA,.,.,.,.,.,.,.,.,.,.,0,.,.,.,.,.,.,.,.,.
SWA,0,.,0,0,1,.,1,0,1,.,0,1,1,1,.,.,.,.,0,0
SWA,0,.,.,1,1,0,.,0,1,0,1,1,.,.,.,.,.,.,.,.
SWA,0,0,.,.,1,.,.,0,1,.,0,1,0,.,.,.,.,.,0,0
SWA,0,0,1,1,1,.,1,1,0,1,1,1,0,1,0,0,1,0,0,0
SWA,0,1,1,1,1,.,1,0,0,1,1,1,0,1,.,1,1,.,.,0
SWA,.,.,.,.,1,.,.,.,.,.,0,.,.,.,.,.,.,.,.,.
SWA,0,0,.,0,1,.,0,1,0,1,1,1,0,0,0,0,0,.,0,0
SWA,0,0,.,0,1,.,1,0,1,.,.,1,0,0,0,.,1,.,0,0
SWA,0,.,.,.,1,.,.,0,.,.,1,1,.,.,.,.,.,.,.,.
SWA,0,.,.,.,1,.,.,0,1,.,1,1,.,.,.,.,.,.,.,0
SWA,0,.,1,0,0,.,0,0,1,.,1,1,0,1,1,0,0,.,0,0
SWA,.,.,.,.,.,.,.,.,.,.,.,1,.,.,.,.,.,.,.,.
SWA,0,0,1,1,1,.,1,0,1,.,0,1,.,.,.,0,1,.,.,0
SWA,0,.,.,.,1,.,.,0,1,.,0,1,.,.,.,.,.,.,.,.
SWA,0,.,0,1,1,.,1,0,0,.,0,1,1,0,0,.,0,.,.,0
SWA,0,0,.,0,1,.,.,1,0,.,0,1,0,.,.,.,.,.,0,.
SWA,0,.,1,0,1,.,.,1,0,.,0,1,.,.,.,.,.,0,.,0
SWA,0,.,.,0,1,.,.,1,0,.,1,1,.,.,.,0,.,.,.,1
SWA,0,.,.,0,1,.,0,1,0,.,0,1,.,.,.,0,0,.,.,0
SWA,0,.,.,.,1,.,.,0,0,.,0,1,.,0,.,.,.,.,.,0
SWA,0,.,.,0,0,.,1,1,1,.,1,1,0,.,0,0,0,0,1,0
SWA,0,.,0,0,1,.,1,0,1,.,1,1,1,0,0,0,1,.,.,0
SWA,0,0,.,0,1,.,1,1,1,.,0,1,.,0,.,1,0,.,.,0
SWA,0,0,1,1,1,0,1,0,1,.,0,1,1,1,0,1,1,0,0,1
SWA,0,.,.,0,1,.,0,1,1,.,.,1,0,0,1,0,0,.,0,0
SWA,0,.,0,0,1,.,1,0,0,.,0,1,.,1,1,0,1,.,.,0
SWA,0,0,.,0,1,.,1,0,0,.,0,1,.,.,1,1,.,.,.,0
SWA,0,.,.,.,1,.,.,.,0,.,0,0,.,0,.,.,.,.,.,.
UNI,0,.,.,1,1,0,1,1,0,.,0,1,0,0,.,0,.,0,.,1
UNI,0,1,.,0,1,0,1,1,0,.,1,1,0,0,1,1,1,.,0,0
UNI,0,.,.,1,1,0,1,1,0,.,1,1,0,0,0,0,1,.,.,0
UNI,0,0,.,0,1,.,.,1,1,.,1,1,.,.,.,.,0,.,.,1
UNI,0,1,.,1,1,.,0,1,1,.,1,1,.,0,0,1,0,.,.,0
UNI,0,0,.,0,1,.,0,1,1,.,.,1,.,.,0,0,.,.,.,.
UNI,0,0,.,0,1,.,0,1,0,.,1,1,.,.,0,1,0,0,1,0
UNI,0,0,.,0,1,.,1,0,0,.,0,1,.,.,.,0,1,.,.,0
UNI,0,.,.,.,.,.,.,.,.,.,.,0,.,.,.,.,.,.,.,.
UNI,1,.,0,0,1,0,1,1,0,1,1,1,1,0,0,0,0,0,0,0
UNI,0,.,0,0,1,.,1,1,0,.,0,1,0,0,.,0,1,0,.,0
UNI,0,0,.,1,0,0,1,1,0,.,1,1,.,.,.,.,.,.,.,.
UNI,0,0,.,0,1,.,0,1,1,.,1,1,.,0,0,1,0,.,.,0
UNI,0,0,.,0,1,.,1,1,0,.,1,1,.,.,1,0,.,0,0,0
UNI,0,0,.,0,1,0,.,1,0,.,1,1,.,0,.,.,0,0,1,0
UNI,1,0,.,0,1,.,0,1,1,.,.,1,.,.,.,.,.,.,.,0
UNI,0,0,.,1,0,0,0,1,0,.,1,1,0,.,0,0,.,.,.,.
UNI,0,0,0,0,1,.,1,1,1,.,1,1,0,0,.,.,1,.,.,0
UNI,1,.,.,1,1,.,1,1,0,1,1,1,1,0,0,0,1,0,0,0
UNI,0,.,.,.,1,.,.,1,0,.,1,1,0,.,.,0,.,.,.,0
UNI,0,.,.,1,1,.,0,0,0,.,1,1,0,1,.,0,0,.,.,0
UNI,0,0,.,1,1,.,1,0,0,1,1,1,0,.,.,.,.,.,.,0
UNI,0,.,.,1,1,.,0,0,0,.,1,1,.,.,.,0,.,.,.,.
UNI,0,.,.,1,1,0,.,1,0,.,1,1,0,.,.,.,.,.,0,0
UNI,0,0,.,.,.,.,.,.,0,.,.,1,.,.,.,.,.,.,.,.
UNI,0,.,.,0,1,.,1,0,0,.,0,1,0,.,.,0,0,.,.,0
UNI,0,.,.,0,0,0,1,1,1,.,1,1,1,0,.,0,0,.,0,0
UNI,0,.,.,1,1,0,1,1,0,1,1,1,.,1,1,0,1,0,1,0
UNI,0,0,.,.,1,.,0,0,0,.,1,1,.,.,.,0,.,.,.,0
UNI,1,0,0,1,0,.,1,0,0,.,1,1,0,.,.,0,1,.,0,0
VAN,1,.,.,1,1,0,0,1,1,1,1,1,0,1,0,0,1,.,0,.
VAN,0,0,.,1,1,.,1,1,0,.,1,1,0,0,0,0,1,0,1,1
VAN,0,0,.,1,0,0,1,1,1,.,1,1,1,0,0,0,1,0,0,0
VAN,0,.,.,1,1,.,0,1,1,0,1,1,0,1,0,0,1,.,1,0
VAN,1,0,.,1,1,0,1,1,1,.,1,1,1,1,.,1,1,.,1,0
VAN,.,.,.,.,0,.,.,.,.,.,.,.,.,.,.,.,.,.,.,.
VAN,0,0,.,1,1,.,0,0,0,1,.,1,0,0,0,0,1,.,.,0
VAN,0,0,.,1,1,0,0,1,0,.,.,1,0,.,.,.,0,.,0,.
VAN,0,.,.,1,1,0,0,1,0,0,.,1,0,.,.,.,.,0,.,0
VAN,0,.,.,1,0,.,.,0,0,.,0,1,.,.,.,.,.,.,.,.
VAN,0,.,.,.,1,.,.,0,0,.,.,1,.,.,.,.,.,.,.,.
VAN,0,.,.,1,1,.,0,1,0,.,0,1,0,0,0,0,1,0,.,0
VAN,0,.,.,1,1,.,.,1,0,.,1,1,0,1,0,0,1,.,1,1
VAN,0,1,0,1,1,.,1,0,0,.,.,1,.,.,0,0,.,1,.,0
VAN,0,.,.,1,0,.,0,0,0,.,.,1,.,0,0,0,0,0,.,0
VAN,0,.,.,.,0,.,0,1,0,0,.,1,.,.,.,.,.,.,.,0
VAN,0,0,.,.,0,0,0,1,0,.,.,1,0,0,0,1,0,0,0,0
VAN,0,.,.,1,1,0,0,1,1,.,.,1,0,0,.,0,1,.,0,0
VAN,.,.,.,.,1,.,.,.,.,.,1,0,.,.,.,.,.,.,.,0
VAN,0,0,1,1,1,.,0,1,1,.,1,1,.,0,0,0,1,.,.,0
VAN,0,0,.,1,0,.,1,1,0,.,.,1,.,.,.,1,1,.,.,0
VAN,0,0,.,1,1,.,1,1,0,.,1,1,0,1,0,0,0,.,.,0
VAN,1,0,.,1,1,.,0,1,0,.,0,1,0,0,0,0,1,.,1,0
VAN,0,.,.,1,1,.,0,0,1,.,1,1,.,.,0,0,.,.,.,.
VAN,0,.,.,1,1,0,0,1,0,1,1,1,0,1,.,.,.,0,0,0
VAN,0,1,.,0,1,.,0,0,0,.,.,1,.,0,0,0,0,.,.,0
VAN,0,.,.,1,0,.,0,1,0,.,.,1,.,0,0,0,1,0,.,0
VAN,0,.,.,1,1,0,.,1,0,.,.,1,1,.,.,.,.,.,.,.
VAN,0,0,.,1,0,0,0,1,0,.,1,1,.,.,0,0,.,.,.,0
VAN,0,.,.,1,1,.,1,1,1,.,1,1,.,.,0,.,.,0,.,1
VAN,0,.,.,1,0,.,0,0,1,.,1,1,0,1,0,1,1,.,.,0
VAN,0,1,0,1,1,.,1,1,0,.,1,1,.,1,.,1,1,.,.,1
VAN,0,0,.,1,1,.,0,0,0,.,.,1,.,0,.,0,1,.,.,0
VAN,1,.,1,1,1,.,0,1,0,.,.,1,.,0,.,0,0,0,.,0
VAN,0,.,1,1,1,.,1,1,0,.,1,1,.,0,1,1,1,.,.,0
